<?xml version='1.0' encoding='utf-8'?>
<archive xmlns="http://rs.tdwg.org/dwc/terms/xsd/archive/">
  <file encoding="UTF-8" fieldsTerminatedBy="," linesTerminatedBy="\n" fieldsEnclosedBy='"' ignoreHeaderLines="1" rowType="http://rs.tdwg.org/dwc/terms/DarwinCore" location="DarwinCore.txt">
    <field index="0" term="http://purl.org/dc/terms/identifier"/>
    <field index="1" term="http://purl.org/dc/terms/modified"/>
    <field index="2" term="http://purl.org/dc/terms/source"/>
    <field index="3" term="http://ipt.gbif.org/terms/sourceID"/>
    <field index="4" term="http://rs.tdwg.org/dwc/terms/ScientificName"/>
    <field index="5" term="http://rs.tdwg.org/dwc/terms/Locality"/>
    <field index="6" term="http://rs.tdwg.org/dwc/terms/Collector"/>
    <field index="7" term="http://rs.tdwg.org/dwc/terms/Order"/>
    <field index="8" term="http://rs.tdwg.org/dwc/terms/CatalogNumber"/>
    <field index="9" term="http://rs.tdwg.org/dwc/terms/GeodeticDatum"/>
    <field index="10" term="http://rs.tdwg.org/dwc/terms/Genus"/>
    <field index="11" term="http://rs.tdwg.org/dwc/terms/EarliestDateCollected"/>
    <field index="12" term="http://rs.tdwg.org/dwc/terms/Continent"/>
    <field index="13" term="http://rs.tdwg.org/dwc/terms/InfraspecificEpithet"/>
    <field index="14" term="http://rs.tdwg.org/dwc/terms/BasisOfRecord"/>
    <field index="15" term="http://rs.tdwg.org/dwc/terms/Family"/>
    <field index="16" term="http://rs.tdwg.org/dwc/terms/Country"/>
    <field index="17" term="http://rs.tdwg.org/dwc/terms/Kingdom"/>
    <field index="18" term="http://rs.tdwg.org/dwc/terms/StateProvince"/>
    <field index="19" term="http://rs.tdwg.org/dwc/terms/MinimumElevationInMeters"/>
    <field index="20" term="http://rs.tdwg.org/dwc/terms/InstitutionCode"/>
    <field index="21" term="http://rs.tdwg.org/dwc/terms/Phylum"/>
    <field index="22" term="http://rs.tdwg.org/dwc/terms/DecimalLatitude"/>
    <field index="23" term="http://rs.tdwg.org/dwc/terms/Class"/>
    <field index="24" term="http://rs.tdwg.org/dwc/terms/SpecificEpithet"/>
    <field index="25" term="http://rs.tdwg.org/dwc/terms/CollectionCode"/>
    <field index="26" term="http://rs.tdwg.org/dwc/terms/DecimalLongitude"/>
  </file>
	
  <relationships>
  </relationships>	
</archive>
